{"statistic": 0.04358627445821345, "pvalue": 7.634279852487162e-27}