{"target": 0.04689065386563451, "params": {"coeff_betweenness": 9.84984928534643, "coeff_closeness": 4.6485753512889545, "coeff_eigentrust": 9.49333193254202, "coeff_eigenvector": 9.55333414353536, "coeff_katz": 9.734513352116581, "coeff_logFC": 1.0620680541391545, "coeff_pagerank": 9.491544528188959}}